ingno,ingname,lisklevel,liskgrade,datagrade,useful,harmful,caution,function
1,감초,1,낮음,적당함,지성,없음,없음,없음
2,글라이콜릭애씨드,4,중간,적당함,지성,민감성,없음,없음
3,노녹시놀-9,3,중간,적음,지성,없음,없음,없음
4,녹차가루;홍차가루;보이차가루,1,낮음,적당함,지성,없음,없음,없음
5,녹차수;홍차수,1,낮음,적당함,지성,없음,없음,없음
6,녹차추출물;홍차추출물;백차추출물;보이차추출물,1,낮음,적음,지성,없음,없음,없음
7,레몬가루,0,없음,없음,지성,민감성,없음,없음
8,레몬수,2,낮음,적음 ,지성,민감성,없음,없음
9,레몬오일,3,중간,없음,지성,민감성,없음,없음
10,레몬즙,2,낮음,적음,지성,민감성,없음,없음
11,레몬즙추출물,1,낮음,없음,지성,민감성,없음,없음
12,레몬추출물,2,낮음,적음,지성,민감성,없음,없음
13,멘톨,1,낮음,적당함,지성,건성 / 민감성,없음,없음
14,살리실릭애씨드;살리실산,4,중간,충분함,지성,민감성,없음,없음
15,알란토인,1,낮음,적당함,지성 / 민감성,없음,없음,없음
16,위치하젤수,1,낮음,적음,지성,없음,없음,없음
17,징크옥사이드,2~3,중간,적당함,지성,없음,없음,없음
18,카렌둘라추출물;카렌듈라추출물;금잔화추출물,01월 01일,낮음,적음,지성,없음,없음,없음
19,캠퍼,2,낮음,적당함,지성,없음,없음,없음
20,티타늄디옥사이드,1~3,중간,충분함,지성 / 민감성,없음,없음,없음
21,티트리추출물,1,낮음,적음,지성,없음,없음,없음
22,황,1,낮음,충분함,지성,없음,없음,없음
23,미리스틱애씨드;미리스틴산,1,낮음,적당함,없음,지성,없음,없음
24,벤조페논-3;옥시벤존,8,높음,적당함,없음,지성 / 민감성,주의성분,없음
25,트리글리세라이드,1,낮음,적당함,없음,지성,없음,없음
26,쉐어버터;시어버터,1,낮음,적음,없음,지성,없음,없음
27,스테아릭애씨드,1,낮음,적당함,없음,지성,없음,없음
28,에칠헥실메톡시신나메이트;옥티녹세이트;옥틸메톡시신나메이트,6,중간,적당함,없음,지성 / 민감성,없음,없음
29,코코넛오일,1,낮음,적당함,없음,지성,없음,없음
30,팔미틱애씨드;팔미티산,1,낮음,적당함,없음,지성,없음,없음
31,페트롤라툼;바세린;페트롤라튬,4,중간,적당함,없음,지성,없음,없음
32,펜타데스마부티라케아버터,1,낮음,없음,없음,지성,없음,없음
33,검정콩추출물;검은콩추출물;콩추출물;대두추출물,1,낮음,적음,건성,없음,없음,없음
34,귀리가루;귀리커넬가루,1,낮음,매우 많음,건성,없음,없음,없음
35,귀리가루추출물;오트밀추출물,1,낮음,적당함,건성,없음,없음,없음
36,글리세린,2,낮음,충분함,건성,없음,없음,없음
37,달맞이꽃오일,1,낮음,적음,건성,없음,없음,없음
38,달맞이꽃추출물,1,낮음,적음,건성,없음,없음,없음
39,레티닐팔미테이트;비타민A팔미테이트,9,높음,적당함,건성,없음,없음,주름개선
40,베타-카로틴,2,낮음,적당함,건성,없음,없음,없음
41,벤조페논-4,0,없음,없음,건성,없음,없음,없음
42,복숭아수,0,없음,없음,건성,없음,없음,없음
43,복숭아즙,0,없음,없음,건성,없음,없음,없음
44,복숭아추출물,1,낮음,적음,건성,없음,없음,없음
45,"부틸렌글라이콜;1,3-부틸렌글라이콜",1,낮음,적음,건성,없음,없음,없음
46,비타민B복합체,1,낮음,적당함,건성,없음,없음,없음
47,상백피추출물,1,낮음,없음,건성,없음,없음,없음
48,소듐피씨에이,1,낮음,적음,건성,없음,없음,없음
49,소듐하이알루로네이트,1,낮음,적당함,건성,없음,없음,없음
50,아보카도오일,1,낮음,적음,건성,없음,없음,없음
51,아스코빅애씨드;비타민C,1,낮음,적당함,건성,없음,없음,없음
52,알부틴;p-하이드록시페닐 B -D-글루코사이드,1,낮음,적음,건성,없음,없음,미백개선
53,엘라스틴,1,낮음,적당함,건성,없음,없음,없음
54,오이,0,없음,없음,건성,없음,없음,없음
55,오이수,1,낮음,적당함,건성,없음,없음,없음
56,오이오일,1,낮음,적당함,건성,없음,없음,없음
57,오이즙,1,낮음,적당함,건성,없음,없음,없음
58,오이즙,1,낮음,적당함,건성,없음,없음,없음
59,캐모마일꽃/잎/줄기추출물,0,없음,없음,건성 / 민감성,없음,없음,없음
60,캐모마일꽃/잎추출물,0,없음,없음,건성 / 민감성,없음,없음,없음
61,캐모마일꽃가루,0,없음,없음,건성 / 민감성,없음,없음,없음
62,캐모마일꽃수,1,낮음,없음,건성 / 민감성,없음,없음,없음
63,캐모마일꽃오일,1,낮음,적음,건성 / 민감성,없음,없음,없음
64,캐모마일꽃추출물;마트리카리아꽃추출물,1,낮음,적음,건성 / 민감성,없음,없음,없음
65,캐모마일오일,1,낮음,적음,건성 / 민감성,없음,없음,없음
66,캐모마일잎추출물,1,낮음,적음,건성 / 민감성,없음,없음,없음
67,코직애씨드,6~7,높음,적음,건성,없음,없음,없음
68,콜라겐,1,낮음,적당함,건성,없음,없음,없음
69,토코페롤;비타민E,1,낮음,적당함,건성,없음,없음,없음
70,파일워트추출물,1,낮음,적음,건성,없음,없음,없음
71,판테놀;디판테놀;덱스판테놀,1,낮음,적음,건성,없음,없음,없음
72,포도씨추출물,1,낮음,적당함,건성,없음,없음,없음
73,프로필렌글라이콜,3,중간,적당함,건성,없음,없음,없음
74,조류,1,낮음,적당함,건성 / 민감성,없음,없음,없음
75,변성알코올,0,없음,없음,없음,건성 / 민감성,없음,없음
76,변성알코올39-C,4,중간,없음,없음,건성 / 민감성,없음,없음
77,변성알코올40,5,중간,적음,없음,건성 / 민감성,없음,없음
78,변성알코올40-B,4,중간,없음,없음,건성 / 민감성,없음,없음
79,부티롤락톤,0,없음,없음,없음,건성 / 민감성,없음,없음
80,부틸메타크릴레이트,0,없음,없음,없음,건성 / 민감성,없음,없음
81,붉은토끼풀추출물,0,없음,없음,없음,건성 / 민감성,없음,없음
82,브라시카미도프로필디메칠아민,0,없음,없음,없음,건성 / 민감성,없음,없음
83,브이피/폴리카바밀폴리글라이콜에스터,0,없음,없음,없음,건성 / 민감성,없음,없음
84,비스-부틸옥시아모디메치콘/피이지-60코폴리머,0,없음,없음,없음,건성 / 민감성,주의성분,없음
85,비스-피이지-15메칠에텔디메치콘,0,없음,없음,없음,건성 / 민감성,주의성분,없음
86,비터오렌지껍질추출물,0,없음,없음,없음,건성 / 민감성,없음,없음
87,사이클로덱스트린라우레이트,0,없음,없음,없음,건성 / 민감성,없음,없음
88,생강수,0,없음,없음,없음,건성 / 민감성,없음,없음
89,서양벌노랑이씨추출물,0,없음,없음,없음,건성 / 민감성,없음,없음
90,서양산사나무꽃수,0,없음,없음,없음,건성 / 민감성,없음,없음
91,서양산사나무열매추출물,0,없음,없음,없음,건성 / 민감성,없음,없음
92,섬조릿대수,0,없음,없음,없음,건성 / 민감성,없음,없음
93,성모초잎추출물,0,없음,없음,없음,건성 / 민감성,없음,없음
94,세러브로사이드,0,없음,없음,없음,건성 / 민감성,없음,없음
95,세테아레스-23,0,없음,없음,없음,건성 / 민감성,없음,없음
96,세테아레스-2포스페이트,0,없음,없음,없음,건성 / 민감성,없음,없음
97,세테아레스-8,0,없음,없음,없음,건성 / 민감성,없음,없음
98,세틸미리스테이트,0,없음,없음,없음,건성 / 민감성,없음,없음
99,셀레늄아스파테이트,0,없음,없음,없음,건성 / 민감성,없음,없음
100,소듐/티이에이-라우로일콜라겐아미노산,0,없음,없음,없음,건성 / 민감성,없음,없음
101,소듐C12-13파레스설페이트,0,없음,없음,없음,건성 / 민감성,없음,없음
102,소듐라우라미노프로피오네이트,0,없음,없음,없음,건성 / 민감성,없음,없음
103,소듐라우로일메칠아미노프로피오네이트,0,없음,없음,없음,건성 / 민감성,없음,없음
104,소듐리놀리에이트,0,없음,없음,없음,건성 / 민감성,없음,없음
105,소듐메칠파라벤,0,없음,없음,없음,건성 / 민감성,주의성분,없음
106,소듐스위트아몬드암포아세테이트,0,없음,없음,없음,건성 / 민감성,없음,없음
107,소듐스테아릴프탈라메이트,0,없음,없음,없음,건성 / 민감성,없음,없음
108,소듐에리소베이트,0,없음,없음,없음,건성 / 민감성,없음,없음
109,소듐카복시메칠덱스트란,0,없음,없음,없음,건성 / 민감성,없음,없음
110,소듐카복시메칠올레일폴리프로필아민,0,없음,없음,없음,건성 / 민감성,없음,없음
111,소듐폴리나프탈렌설포네이트,0,없음,없음,없음,건성 / 민감성,없음,없음
112,솔잣나무껍질추출물,0,없음,없음,없음,건성 / 민감성,없음,없음
113,솔잣나무솔방울추출물,0,없음,없음,없음,건성 / 민감성,없음,없음
114,슈크로오스모티어렐레이트,0,없음,없음,없음,건성 / 민감성,없음,없음
115,슈크로오스올리에이트,0,없음,없음,없음,건성 / 민감성,없음,없음
116,스타이렌/브이피코폴리머,0,없음,없음,없음,건성 / 민감성,없음,없음
117,알코올;에탄올,2,낮음,적당함,없음,건성 / 민감성,없음,없음
118,페퍼민트잎,1,낮음,적음,없음,건성 / 민감성,없음,없음
119,페퍼민트추출물,1,낮음,적음,없음,건성 / 민감성,없음,없음
120,루틴;비타민P,1,낮음,적당함,민감성,없음,없음,없음
121,마로니에추출물,1,낮음,적음,민감성,없음,없음,없음
122,비타민K,1,낮음,적당함,민감성,없음,없음,없음
123,알로에베라꽃추출물,1~3,중간,적음,민감성,없음,없음,없음
124,알로에베라잎,0,없음,없음,민감성,없음,없음,없음
125,알로에베라잎가루,1~2,낮음,없음,민감성,없음,없음,없음
126,알로에베라잎수,1~3,중간,적음,민감성,없음,없음,없음
127,알로에베라잎즙,0,없음,없음,민감성,없음,없음,없음
128,알로에베라잎즙가루,1~3,중간,적음,민감성,없음,없음,없음
129,알로에베라잎추출물,1~3,중간,적음,민감성,없음,없음,없음
130,알로에잎추출물,1~2,낮음,적음,민감성,없음,없음,없음
131,콘플라워추출물,0,없음,없음,민감성,없음,없음,없음
132,헤스페리딘(비타민P),1,낮음,적당함,민감성,없음,없음,없음
133,라벤더오일,1,낮음,적음,없음,민감성,없음,없음
134,락틱애씨드,4,중간,충분함,없음,민감성,없음,없음
135,레몬그라스오일,4,중간,적음,없음,민감성,없음,없음
136,레몬껍질오일,3,중간,적음,없음,민감성,없음,없음
137,레몬씨오일,1,낮음,없음,없음,민감성,없음,없음
138,레몬향티트리오일,1,낮음,없음,없음,민감성,없음,없음
139,레티놀,9,높음,적당함,없음,민감성,없음,주름개선
140,로즈마리잎오일,1,낮음,적음,없음,민감성,없음,없음
141,몰약오일,2,낮음,적음,없음,민감성,없음,없음
142,바실오일,0,없음,없음,없음,민감성,없음,없음
143,선백리향오일,1,낮음,적음,없음,민감성,없음,없음
144,세이지오일,1,낮음,적음,없음,민감성,없음,없음
145,시트릭애씨드;구연산,2,낮음,충분함,없음,민감성,없음,없음
146,오레가노잎오일,0,없음,없음,없음,민감성,없음,없음
147,오렌지수,1,낮음,없음,없음,민감성,없음,없음
148,오렌지오일,1,낮음,적음,없음,민감성,없음,없음
149,오렌지즙,1,낮음,적당함,없음,민감성,없음,없음
150,오렌지추출물,1,낮음,적음,없음,민감성,없음,없음
151,유칼립투스,1,낮음,적음,없음,민감성,없음,없음
152,유칼립투스잎오일,2,낮음,적음,없음,민감성,없음,없음
153,유칼립투스잎추출물,1,낮음,적음,없음,민감성,없음,없음
154,육두구커넬오일,1,낮음,적음,없음,민감성,없음,없음
155,일랑일랑꽃오일,3,중간,적음,없음,민감성,없음,없음
156,자몽껍질오일,1,낮음,적음,없음,민감성,없음,없음
157,자몽씨오일,1,낮음,적음,없음,민감성,없음,없음
158,쟈스민오일,3,중간,적당함,없음,민감성,없음,없음
159,제라늄오일,1,낮음,적음,없음,민감성,없음,없음
160,코코스야자껍질가루;코코스야자껍질추출물,1,낮음,적음,없음,민감성,없음,없음
161,타타릭애씨드,1,낮음,적당함,없음,민감성,없음,없음
162,티트릭잎오일,1,낮음,적음,없음,민감성,없음,없음
163,파슬리씨오일,1,낮음,적음,없음,민감성,없음,없음
164,히솝잎오일,0,없음,없음,없음,민감성,없음,없음
165,o-사이멘-5-올;이소프로필메칠페놀;이소프로필크레졸,2,낮음,적음,없음,없음,주의성분,없음
166,디아졸리디닐우레아,6,중간,적음,없음,없음,주의성분,없음
167,디엠디엠하이단토인,7,높음,적음,없음,없음,주의성분,없음
168,미네랄오일,1~3,중간,적당함,없음,없음,주의성분,없음
169,부틸메톡시디벤조일메탄;아보벤존;파르솔1789,8,낮음,적음,없음,없음,주의성분,없음
170,비에이치에이;부틸하이드록시아니솔,2,높음,적당함,없음,없음,주의성분,없음
171,비에이치티;부틸하이드록시톨루엔;디부틸하이드록시톨루엔;부틸레이티드하이드록시톨루엔,5~7,중간,적당함,없음,없음,주의성분,없음
172,소듐라우레스설페이트;소듐라우레스황산염,6,중간,적음,없음,없음,주의성분,없음
173,소듐라우릴설페이트;소듐라우릴황산염,3,낮음,적당함,없음,없음,주의성분,없음
174,소르빅애씨드;소르빈산,1~2,중간,적당함,없음,없음,주의성분,없음
175,이미다졸리디닐우레아,6,중간,적음,없음,없음,주의성분,없음
176,이소프로필알코올,2,낮음,적당함,없음,없음,주의성분,없음
177,트리에탄올아민,5,중간,적당함,없음,없음,주의성분,없음
178,트리이소프로판올아민,6,중간,적음,없음,없음,주의성분,없음
179,트리클로산,7,높음,적당함,없음,없음,주의성분,없음
180,티몰,3~4,중간,적당함,없음,없음,주의성분,없음
181,메칠파라벤,4,중간,적음,없음,없음,주의성분,없음
182,부틸파라벤,7,높음,적당함,없음,없음,주의성분,없음
183,소듐부틸파라벤,0,없음,없음,없음,없음,주의성분,없음
184,소듐에칠파라벤,0,없음,없음,없음,없음,주의성분,없음
185,소듐이소부틸파라벤,0,없음,없음,없음,없음,주의성분,없음
186,소듐프로필파라벤,0,없음,없음,없음,없음,주의성분,없음
187,에칠파라벤,0,중간,적음,없음,없음,주의성분,없음
188,이소부틸파라벤,4,높음,적음,없음,없음,주의성분,없음
189,이소프로필파라벤,7,높음,적당함,없음,없음,주의성분,없음
190,프로필파라벤,7,높음,적당함,없음,없음,주의성분,없음
191,페녹시에탄올,4,중간,적음,없음,없음,주의성분,없음
192,향료,8,높음,적당함,없음,없음,주의성분,없음
193,C12-15파레스-3포스페이트,0,없음,없음,없음,없음,주의성분,없음
194,C12-16알킬피이지-2하이드록시프로필하이드록시에칠에칠셀룰로오스,0,없음,없음,없음,없음,주의성분,없음
195,C12-20애씨드피이지-8에스터,3,중간,없음,없음,없음,주의성분,없음
196,과물시계꽃/시계꽃씨오일피이지-8에스터,0,없음,없음,없음,없음,주의성분,없음
197,디-피이지-2소이아민아이피디아이,4~6,중간,없음,없음,없음,주의성분,없음
198,디메치콘/피이지-10/15크로스폴리머,3,중간,없음,없음,없음,주의성분,없음
199,디메치콘/피이지-10크로스폴리머,0,없음,없음,없음,없음,주의성분,없음
200,디메치콘/피이지-15크로스폴리머,0,없음,없음,없음,없음,주의성분,없음
201,디메치콘피이지-7이소스테아레이트,3,중간,없음,없음,없음,주의성분,없음
202,디메치콘피이지-7코코에이트,3,중간,없음,없음,없음,주의성분,없음
203,디메치콘피이지-7포스페이트,3,중간,적당함,없음,없음,주의성분,없음
204,디메치콘피이지-8라놀레이트,3,중간,없음,없음,없음,주의성분,없음
205,디메치콘피이지-8메도우포메이트,3,중간,없음,없음,없음,주의성분,없음
206,디메치콘피이지-8벤조에이트,3,중간,없음,없음,없음,주의성분,없음
207,디메치콘피이지-8비즈왁스,0,없음,없음,없음,없음,주의성분,없음
208,디메치콘피이지-8이소스테아레이트,0,없음,없음,없음,없음,주의성분,없음
209,디메치콘피이지-8폴리아크릴레이트,3,중간,없음,없음,없음,주의성분,없음
210,디메치콘피이지/피피지-20/23벤조에이트,3,중간,없음,없음,없음,주의성분,없음
211,디소듐에칠렌디코카마이드피이지-15디설페이트,0,없음,없음,없음,없음,주의성분,없음
212,디소듐올레아미도피이지-2설포석시네이트,3,중간,없음,없음,없음,주의성분,없음
213,디소듐피이지-12디메치콘설포석시네이트,3,중간,없음,없음,없음,주의성분,없음
214,디소듐피이지-5라우릴시트레이트설포석시네이트,3,중간,없음,없음,없음,주의성분,없음
215,디소듐피이지-8팜글리세라이드설포석시네이트,0,없음,없음,없음,없음,주의성분,없음
216,디에칠렌글라이콘/디맵아크릴아마이드/피이지-180/에이치디아이코폴리머,0,없음,없음,없음,없음,주의성분,없음
217,디하이드록시프로필피이지-5리놀레암모늄클로라이드,3,중간,없음,없음,없음,주의성분,없음
218,라우레스-7,3,중간,적음,없음,없음,주의성분,없음
219,라우릴디메치콘피이지-15크로스폴리머,0,없음,없음,없음,없음,주의성분,없음
220,라우릴피이지-8디메치콘,0,없음,없음,없음,없음,주의성분,없음
221,라우릴피이지-9폴리디메칠실록시에칠디메치콘,3,중간,없음,없음,없음,주의성분,없음
222,라우릴피이지/피피지-18/18메치콘,3,중간,없음,없음,없음,주의성분,없음
223,마그네슘피이지-3코카마이드설페이트,0,없음,없음,없음,없음,주의성분,없음
224,메칠실라놀피이지-7글리세릴코코에이트,0,없음,없음,없음,없음,주의성분,없음
225,메칠실란올트리-피이지-8글리세릴코코에이트,0,없음,없음,없음,없음,주의성분,없음
226,메칠유제닐피이지-8디메치콘,3,중간,없음,없음,없음,주의성분,없음
227,메톡시피이지-114/폴리엡실론카프롤락톤,0,없음,없음,없음,없음,주의성분,없음
228,메톡시피이지-12레틴아마이드,0,없음,없음,없음,없음,주의성분,없음
229,메톡시피이지-200베툴린,0,없음,없음,없음,없음,주의성분,없음
230,메톡시피이지-22/도데실글라이콜코폴리머,3,중간,없음,없음,없음,주의성분,없음
231,메톡시피이지-7아스코빅애씨드,0,없음,없음,없음,없음,주의성분,없음
232,메톡시피이지/피피지-25/4디메치콘,0,없음,없음,없음,없음,주의성분,없음
233,메톡시피이지/피피지-7/3아미노프로필디메치콘,3,중간,없음,없음,없음,주의성분,없음
234,베헤녹시피이지-10디메치콘,1,낮음,없음,없음,없음,주의성분,없음
235,피이지-120메틸글루코오스트라이아이소스테아레이트,0,없음,없음,없음,없음,주의성분,없음
236,비스-이소부틸피이지-14/아모디메치콘폴리머,0,없음,없음,없음,없음,주의성분,없음
237,비스-이소부틸피이지/피피지-10/7디메치콘코폴리머,0,없음,없음,없음,없음,주의성분,없음
238,비스-이소부틸피이지/피피지-20/35/아모디메치콘코폴리머,0,없음,없음,없음,없음,주의성분,없음
239,비스-피이지-12디메치콘비즈왁스,3,중간,없음,없음,없음,주의성분,없음
240,비스-피이지-12디메치콘칸데릴레이트,3,중간,없음,없음,없음,주의성분,없음
241,피이지-30,0,중간,없음,없음,없음,주의성분,없음
242,비스-피이지-18메칠에텔디메칠실란,3,중간,없음,없음,없음,주의성분,없음
243,비스-피이지-20디메치콘,0,없음,없음,없음,없음,주의성분,없음
244,비스-피이지-4디메치콘,4~6,중간,없음,없음,없음,주의성분,없음
245,비스-피이지/피피지-14/14디메치콘,3,중간,없음,없음,없음,주의성분,없음
246,비스-피이지/피피지-16/16피이지/피피지-16/16디메치콘,3,중간,없음,없음,없음,주의성분,없음
247,비스-피이지/피피지-20/20디메치콘,3,중간,없음,없음,없음,주의성분,없음
248,비스-피이지/피피지-20/5피이지/피피지-20/5디메치콘,0,없음,없음,없음,없음,주의성분,없음
249,비스아미노피이지/피피지-41/3아미노에칠피지-프로필디메치콘,3,중간,없음,없음,없음,주의성분,없음
250,세틸디메치콘피이지-7아세테이트,0,없음,없음,없음,없음,주의성분,없음
251,세틸트리에칠모늄디메치콘피이지-8석시네이트,3,중간,없음,없음,없음,주의성분,없음
252,세틸트리에칠모늄디메치콘피이지-8프탈레이트,4~6,중간,없음,없음,없음,주의성분,없음
253,세틸피이지/피피지-10/1디메치콘,3,중간,적당함,없음,없음,주의성분,없음
254,소듐피이지-4코카마이드설페이트,0,없음,없음,없음,없음,주의성분,없음
255,세틸피이지/피피지-7/3디메치콘,0,없음,없음,없음,없음,주의성분,없음
256,소듐피이지-7올리브오일카복실레이트,3,중간,없음,없음,없음,주의성분,없음
257,소르베스-2비즈왁스,3,중간,없음,없음,없음,주의성분,없음
258,신양벚나무씨오일피이지-8에스터,0,없음,없음,없음,없음,주의성분,없음
259,아보카도오일피이지-11에스터,3,중간,없음,없음,없음,주의성분,없음
260,아이피디아이/피이지-15소이아민코폴리머,0,없음,없음,없음,없음,주의성분,없음
261,아이피디아이/피이지-15코카민/글리세레스-7/폴리글리세릴-3코폴리머,0,없음,없음,없음,없음,주의성분,없음
262,아크릴레이트/메톡시피이지-15메타크릴레이트코폴리머,0,없음,없음,없음,없음,주의성분,없음
263,아크릴레이트/아미노아크릴레이트/C10-30알킬피이지-20이타코네이트코폴리머,3,중간,없음,없음,없음,주의성분,없음
264,아크릴레이트/피이지-10말리에이트/스타이렌코폴리머,3,중간,없음,없음,없음,주의성분,없음
265,아프리코트커넬오일피이지-40에스터,3,중간,없음,없음,없음,주의성분,없음
266,아프리코트커넬오일피이지-6에스터,0,없음,없음,없음,없음,주의성분,없음
267,옥수수오일피이지-6에스터,0,없음,없음,없음,없음,주의성분,없음
268,올리브오일피이지-7에스터,3,중간,없음,없음,없음,주의성분,없음
269,올리브오일피이지-8에스터,4~6,중간,없음,없음,없음,주의성분,없음
270,카프릴릭/카프릭트리글리세라이드피이지-4에스터,3,중간,없음,없음,없음,주의성분,없음
271,콜레칼시페롤피이지-12에텔,0,없음,없음,없음,없음,주의성분,없음
272,트리베헤닌피이지-20에스터,3,중간,없음,없음,없음,주의성분,없음
273,트리올레인피이지-6에스터,0,없음,없음,없음,없음,주의성분,없음
274,트리이소스테아린피이지-6에스터,3,중간,없음,없음,없음,주의성분,없음
275,포타슘디메치콘피이지-7판테닐포스페이트,3,중간,없음,없음,없음,주의성분,없음
276,폴리글리세릴-2-피이지-4스테아레이트,0,없음,없음,없음,없음,주의성분,없음
277,폴리디메칠실록시피이지/피피지-24/19부틸에텔실세스퀴옥산,0,없음,없음,없음,없음,주의성분,없음
278,폴리퍼플루오로에톡시메톡시디플루오에칠피이지포스페이트,3,중간,적음,없음,없음,주의성분,없음
279,피이지-2라우레이트,5,중간,없음,없음,없음,주의성분,없음
280,피이지-10,3,중간,적음,없음,없음,주의성분,없음
281,피이지-10/라우릴디메치콘크로스폴리머,0,없음,없음,없음,없음,주의성분,없음
282,피이지-100,3,중간,적음,없음,없음,주의성분,없음
283,피이지-100스테아레이트,3,중간,적음,없음,없음,주의성분,없음
284,피이지-100캐스터오일,0,없음,없음,없음,없음,주의성분,없음
285,피이지-100파이드로제네이티드캐스터오일,0,없음,없음,없음,없음,주의성분,없음
286,피이지-10글리세릴디이소스테아레이트,0,없음,없음,없음,없음,주의성분,없음
287,피이지-10글리세릴스테아레이트,3,중간,없음,없음,없음,주의성분,없음
288,피이지-10글리세릴이소스테아레이트,0,없음,없음,없음,없음,주의성분,없음
289,피이지-10글리세릴트리이소스테아레이트,4~6,중간,없음,없음,없음,주의성분,없음
290,피이지-10-디메치콘,3,중간,적음,없음,없음,주의성분,없음
291,피이지-10디메치콘/비닐디메치콘크로스폴리머,3,중간,없음,없음,없음,주의성분,없음
292,피이지-10-디메치콘크로스폴리머,3,중간,없음,없음,없음,주의성분,없음
293,피이지-10라놀린,0,없음,없음,없음,없음,주의성분,없음
294,피이지-10라우레이트,5,중간,없음,없음,없음,주의성분,없음
295,피이지-10레이프씨드스테롤,3,중간,없음,없음,없음,주의성분,없음
296,피이지-10메칠에텔디메치콘,0,없음,없음,없음,없음,주의성분,없음
297,피이지-10선플라워글리세라이드,3,중간,없음,없음,없음,주의성분,없음
298,피이지-10소르비탄라우레이트,5,중간,없음,없음,없음,주의성분,없음
299,피이지-10소이스테롤,4,중간,없음,없음,없음,주의성분,없음
300,피이지-10스테아레이트,0,없음,없음,없음,없음,주의성분,없음
301,피이지-10올리브글리세라이드,3,중간,없음,없음,없음,주의성분,없음
302,피이지-10올리에이트,0,없음,없음,없음,없음,주의성분,없음
303,피이지-10이소스테아레이트,0,없음,없음,없음,없음,주의성분,없음
304,피이지-10캐스터오일,0,없음,없음,없음,없음,주의성분,없음
305,피이지-10코카민,0,없음,없음,없음,없음,주의성분,없음
306,피이지-10피토스테롤,0,없음,없음,없음,없음,주의성분,없음
307,피이지-10하이드로제네이티드캐스터오일,0,없음,없음,없음,없음,주의성분,없음
308,피이지-114폴리락틱애씨드,0,없음,없음,없음,없음,주의성분,없음
309,피이지-115M,3,중간,적음,없음,없음,주의성분,없음
310,피이지-11메칠에텔디메치콘,3,중간,없음,없음,없음,주의성분,없음
311,피이지-11코카마이드,0,없음,없음,없음,없음,주의성분,없음
312,피이지-11아보카도글리세라이드,0,없음,없음,없음,없음,주의성분,없음
313,피이지-12,3,중간,적음,없음,없음,주의성분,없음
314,피이지-120메칠글루코오스트리올리에이트,3,중간,없음,없음,없음,주의성분,없음
315,피이지-120메칠글루코오스디올리에이트,3,중간,없음,없음,없음,주의성분,없음
316,피이지-12글리세릴디미리스테이트,3,중간,없음,없음,없음,주의성분,없음
317,피이지-12글리세릴디스테아레이트,3,중간,없음,없음,없음,주의성분,없음
318,피이지-12글리세릴라우레이트,0,없음,없음,없음,없음,주의성분,없음
319,피이지-12글리세릴리놀리에이트,0,없음,없음,없음,없음,주의성분,없음
320,피이지-12디라우레이트,0,없음,없음,없음,없음,주의성분,없음
321,피이지-12디메치콘,3,중간,적음,없음,없음,주의성분,없음
322,피이지-12디메치콘/피피지-20크로스폴리머,0,없음,없음,없음,없음,주의성분,없음
323,피이지-12디메치콘크로스폴리머,3,중간,없음,없음,없음,주의성분,없음
324,피이지-12디스테아레이트,3,중간,적음,없음,없음,주의성분,없음
325,피이지-12디올리에이트,3,중간,없음,없음,없음,주의성분,없음
326,피이지-12디이소스테아레이트,0,없음,없음,없음,없음,주의성분,없음
327,피이지-12라우레이트,0,없음,없음,없음,없음,주의성분,없음
328,피이지-12스테아레이트,0,없음,없음,없음,없음,주의성분,없음
329,피이지-12올리에이트,3,중간,없음,없음,없음,주의성분,없음
330,피이지-12이소스테아레이트,0,없음,없음,없음,없음,주의성분,없음
331,피이지-12카나우바,0,없음,없음,없음,없음,주의성분,없음
332,피이지-14,3,중간,적음,없음,없음,주의성분,없음
333,피이지-14M,3,중간,없음,없음,없음,주의성분,없음
334,피이지-14디메치콘,3,중간,없음,없음,없음,주의성분,없음
335,피이지-15/라우릴디메치콘크로스폴리머,4,중간,없음,없음,없음,주의성분,없음
336,피이지-15/라우릴폴리디메칠실록시에칠디메치콘폴리머,0,없음,없음,없음,없음,주의성분,없음
337,피이지-150,3,중간,없음,없음,없음,주의성분,없음
338,피이지-150/데실알코올/에스엠디아이코폴리머,3,중간,없음,없음,없음,주의성분,없음
339,피이지-150/스테아릴알코올/에스엠디아이코폴리머,3,중간,없음,없음,없음,주의성분,없음
340,피이지-150디라우레이트,0,없음,없음,없음,없음,주의성분,없음
341,피이지-150디스테아레이트,3,중간,없음,없음,없음,주의성분,없음
342,피이지-150스테아레이트,3,중간,없음,없음,없음,주의성분,없음
343,피이지-150펜타에리스리틸테트라스테아레이트,3,중간,없음,없음,없음,주의성분,없음
344,피이지-150폴리글리세릴-2트리스테아레이트,0,없음,없음,없음,없음,주의성분,없음
345,피이지-15글리세릴스테아레이트,3,중간,없음,없음,없음,주의성분,없음
346,피이지-15글리세릴스테아레이트,0,없음,없음,없음,없음,주의성분,없음
347,피이지-15글리세릴올리에이트,3,없음,없음,없음,없음,주의성분,없음
348,피이지-15글리세릴이소스테아레이트,0,중간,없음,없음,없음,주의성분,없음
349,피이지-15스테아라민,0,없음,없음,없음,없음,주의성분,없음
350,피이지-15올레아민,0,없음,없음,없음,없음,주의성분,없음
351,피이지-15캐스터오일,3,없음,없음,없음,없음,주의성분,없음
352,피이지-15코카민,3,중간,없음,없음,없음,주의성분,없음
353,피이지-15코코폴리아민,0,중간,없음,없음,없음,주의성분,없음
354,피이지-15펜타에리스리틸테트라(라우레스-6카복실레이트),0,없음,없음,없음,없음,주의성분,없음
355,피이지-15하이드로제네이티드라놀린,0,없음,없음,없음,없음,주의성분,없음
356,피이지-15하이드로제네이티드탈로우라민,0,없음,없음,없음,없음,주의성분,없음
357,피이지-160M,3,중간,적음,없음,없음,주의성분,없음
358,피이지-160소르비탄트리이소스테아레이트,0,없음,없음,없음,없음,주의성분,없음
359,피이지-16마카다미아글리세라이드,3,중간,없음,없음,없음,주의성분,없음
360,피이지-16소이스테롤,4,중간,없음,없음,없음,주의성분,없음
361,피이지-16하이드로제네이티드캐스터오일,0,없음,없음,없음,없음,주의성분,없음
362,피이지-180,3,중간,적음,없음,없음,주의성분,없음
363,피이지-180M,0,없음,없음,없음,없음,주의성분,없음
364,피이지-18글리세릴올리에이트/코코에이트,3,중간,없음,없음,없음,주의성분,없음
365,피이지-18캐스터오일디올리에이트,4~6,없음,없음,없음,없음,주의성분,없음
366,피이지-18팜글리세라이드,0,없음,없음,없음,없음,주의성분,없음
367,피이지-190디스테아레이트,0,없음,없음,없음,없음,주의성분,없음
368,피이디-192아프리코트커넬글리세라이드,3,중간,없음,없음,없음,주의성분,없음
369,피이지-20,3,중간,적음,없음,없음,주의성분,없음
370,피이지-200,3,중간,적음,없음,없음,주의성분,없음
371,피이지-200글리세릴스테아레이트,3,중간,없음,없음,없음,주의성분,없음
372,피이지-200캐스터오일,0,없음,없음,없음,없음,주의성분,없음
373,피이지-200하이드로제네이티드글리세릴팔메이트,3,중간,없음,없음,없음,주의성분,없음
374,피이지-200하이드로제네이티드캐스터오일,0,없음,없음,없음,없음,주의성분,없음
375,피이지-20M,3,중간,적음,없음,없음,주의성분,없음
376,피이지-20글리세릴디이소스테아레이트,0,없음,없음,없음,없음,주의성분,없음
377,피이지-20글리세릴라우레이트,3,중간,없음,없음,없음,주의성분,없음
378,피이지-20글리세릴리시놀리에이트,0,없음,없음,없음,없음,주의성분,없음
379,피이지-20글리세릴스테아레이트,3,중간,없음,없음,없음,주의성분,없음
380,피이지-20글리세릴올리에이트,0,없음,없음,없음,없음,주의성분,없음
381,피이지-20글리세릴이소스테아레이트,0,없음,없음,없음,없음,주의성분,없음
382,피이지-20글리세릴트리올리에이트,0,없음,없음,없음,없음,주의성분,없음
383,피이지-20라놀레이트,0,없음,없음,없음,없음,주의성분,없음
384,피이지-20라놀린,0,없음,없음,없음,없음,주의성분,없음
385,피이지-20메칠글루코오스디스테아레이트,3,없음,없음,없음,없음,주의성분,없음
386,피이지-20메칠글루코오스세스퀴스테아레이트,3,없음,없음,없음,없음,주의성분,없음
387,피이지-20미리스테이트,0,없음,없음,없음,없음,주의성분,없음
388,피이지-20소르비탄이소스테아레이트,5,중간,없음,없음,없음,주의성분,없음
389,피이지-20소르비탄코코에이트,0,없음,없음,없음,없음,주의성분,없음
390,피이지-20소이스테롤,4~6,중간,없음,없음,없음,주의성분,없음
391,피이지-20스테아레이트,3,중간,적음,없음,없음,주의성분,없음
392,피이지-20아몬드글리세라이드,3,중간,없음,없음,없음,주의성분,없음
393,피이지-20캐스터오일,5,중간,적음,없음,없음,주의성분,없음
394,피이지-20피토스테롤,3,중간,없음,없음,없음,주의성분,없음
395,피이지-20하이드로제네이티드캐스터오일,0,없음,없음,없음,없음,주의성분,없음
396,피이지-20하이드로제네이티드캐스터오일이소스테아레이트,0,없음,없음,없음,없음,주의성분,없음
397,피이지-20하이드로제네이티드캐스터오일트리이소스테아레이트,0,없음,없음,없음,없음,주의성분,없음
398,피이지-20하이드로제네이티드탈로우아민,0,없음,없음,없음,없음,주의성분,없음
399,피이지-22/도데실글라이콜코폴리머,3,중간,없음,없음,없음,주의성분,없음
400,피이지-220,0,없음,없음,없음,없음,주의성분,없음
401,피이지-23M,3,중간,적음,없음,없음,주의성분,없음
402,피이지-23글리세릴디스테아레이트,3,중간,없음,없음,없음,주의성분,없음
403,피이지-23스테아레이트,0,없음,없음,없음,없음,주의성분,없음
404,피이지-240/에이치디아이코폴리머비스-데실테트라데세스-20에텔,4~6,중간,없음,없음,없음,주의성분,없음
405,피이지-250디스테아레이트,3,중간,없음,없음,없음,주의성분,없음
406,피이지-25글리세릴이소스테아레이트,0,없음,없음,없음,없음,주의성분,없음
407,피이지-25글리세릴트리올리에이트,0,없음,없음,없음,없음,주의성분,없음
408,피이지-25소이스테롤,4,없음,없음,없음,없음,주의성분,없음
409,피이지-25스테아레이트,0,없음,없음,없음,없음,주의성분,없음
410,피이지-25캐스터오일,5,중간,적음,없음,없음,주의성분,없음
411,피이지-25파바,3,중간,적음,없음,없음,주의성분,없음
412,피이지-25프로필렌글라이콜스테아레이트,3,중간,없음,없음,없음,주의성분,없음
413,피이지-25피토스테롤,0,없음,없음,없음,없음,주의성분,없음
414,피이지-25하이드로제네이티드캐스터오일,3,중간,적음,없음,없음,주의성분,없음
415,피이지-26-피피지-30포스페이트,3,중간,없음,없음,없음,주의성분,없음
416,피이지-26호호바알코올,0,없음,없음,없음,없음,주의성분,없음
417,피이지-26호호바애씨드,0,없음,없음,없음,없음,주의성분,없음
418,피이지-2M,3,중간,적음,없음,없음,주의성분,없음
419,피이지-2디라우레이트,0,없음,없음,없음,없음,주의성분,없음
420,피이지-2디메도우폼아미도에칠모늄메토설페이트,3,중간,없음,없음,없음,주의성분,없음
421,피이지-2디스테아레이트,0,없음,없음,없음,없음,주의성분,없음
422,피이지-2디에칠헥사노에이트,0,없음,없음,없음,없음,주의성분,없음
423,피이지-2디올리에이트,0,없음,없음,없음,없음,주의성분,없음
424,피이지-2디이소노나노에이트,0,없음,없음,없음,없음,주의성분,없음
425,피이지-2라우라마이드,0,없음,없음,없음,없음,주의성분,없음
426,피이지-2스테아라민,0,없음,없음,없음,없음,주의성분,없음
427,피이지-2스테아레이트,3,중간,없음,없음,없음,주의성분,없음
428,피이지-2스테아레이트에스이,3,중간,없음,없음,없음,주의성분,없음
429,피이지-2올레아민,3,중간,없음,없음,없음,주의성분,없음
430,피이지-2올레암모늄클로라이드,3,중간,없음,없음,없음,주의성분,없음
431,피이지-2올리브글리세라이드,0,없음,없음,없음,없음,주의성분,없음
432,피이지-2올리에이트,0,없음,없음,없음,없음,주의성분,없음
433,피이지-2코카민,3,중간,없음,없음,없음,주의성분,없음
434,피이지-2하이드로제네이티드캐스터오일,3,중간,적음,없음,없음,주의성분,없음
435,피이지-2하이드로제네이티드탈로우아민,0,없음,없음,없음,없음,주의성분,없음
436,피이지-30글리세릴라우레이트,0,없음,없음,없음,없음,주의성분,없음
437,피이지-30글리세릴스테아레이트,3,중간,없음,없음,없음,주의성분,없음
438,피이지-30글리세릴이소스테아레이트,0,없음,없음,없음,없음,주의성분,없음
439,피이지-30글리세릴코코에이트,4,중간,없음,없음,없음,주의성분,없음
440,피이지-30글리세릴트리올리에이트,0,없음,없음,없음,없음,주의성분,없음
441,피이지-30디폴리하이드록시스테아레이트,3,중간,없음,없음,없음,주의성분,없음
442,피이지-30라놀린,3,중간,없음,없음,없음,주의성분,없음
443,피이지-30소르비탄테트라올리에이트,0,없음,없음,없음,없음,주의성분,없음
444,피이지-30소이스테롤,5~6,중간,없음,없음,없음,주의성분,없음
445,피이지-30스테아레이트,3,중간,적음,없음,없음,주의성분,없음
446,피이지-30캐스터오일,5,중간,적음,없음,없음,주의성분,없음
447,피이지-30피토스테롤,0,없음,없음,없음,없음,주의성분,없음
448,피이지-30하이드로제네이티드캐스터오일,0,없음,없음,없음,없음,주의성분,없음
449,피이지-30하이드로제네이티드캐스터오일피씨에이이소스테아레이트,0,없음,없음,없음,없음,주의성분,없음
450,피이지-32,3,중간,적음,없음,없음,주의성분,없음
451,피이지-32메칠에텔디메치콘,0,없음,없음,없음,없음,주의성분,없음
452,피이지-32스테아레이트,3,중간,적음,없음,없음,주의성분,없음
453,피이지-33,3,중간,없음,없음,없음,주의성분,없음
454,피이지-33캐스터오일,0,없음,없음,없음,없음,주의성분,없음
455,피이지-350,0,없음,없음,없음,없음,주의성분,없음
456,피이지-35아몬드글리세라이드,0,없음,없음,없음,없음,주의성분,없음
457,피이지-35캐스터오일,5,중간,적음,없음,없음,주의성분,없음
458,피이지-36캐스터오일,0,없음,없음,없음,없음,주의성분,없음
459,피이지-3글리세릴이소스테아레이트,0,없음,없음,없음,없음,주의성분,없음
460,피이지-3디메치콘,4~6,중간,없음,없음,없음,주의성분,없음
461,피이지-3디스테아레이트,3,중간,없음,없음,없음,주의성분,없음
462,피이지-3라우라마이드,0,없음,없음,없음,없음,주의성분,없음
463,피이지-3스테아레이트,0,없음,없음,없음,없음,주의성분,없음
464,피이지-3올리에이트,0,없음,없음,없음,없음,주의성분,없음
465,피이지-3캐스터오일,0,없음,없음,없음,없음,주의성분,없음
466,피이지-3코카마이드,0,없음,없음,없음,없음,주의성분,없음
467,피이지-3코카민,0,없음,없음,없음,없음,주의성분,없음
468,피이지-4,3,중간,적당함,없음,없음,주의성분,없음
469,피이지-40,3,중간,적음,없음,없음,주의성분,없음
470,피이지-400,3,중간,적당함,없음,없음,주의성분,없음
471,피이지-40글리세릴스테아레이트,0,없음,없음,없음,없음,주의성분,없음
472,피이지-40글리세릴코코에이트,4,중간,없음,없음,없음,주의성분,없음
473,피이지-40라놀린,3,중간,적음,없음,없음,주의성분,없음
474,피이지-40소르비탄디이소스테아레이트,0,없음,없음,없음,없음,주의성분,없음
475,피이지-40소르비탄라놀레이트,0,없음,없음,없음,없음,주의성분,없음
476,피이지-40소르비탄스테아레이트,0,없음,없음,없음,없음,주의성분,없음
477,피이지-40소르비탄테트라올리에이트,0,없음,없음,없음,없음,주의성분,없음
478,피이지-40소르비탄퍼이소스테아레이트,5,중간,없음,없음,없음,주의성분,없음
479,피이지-40소르비탄페롤리에이트,3,중간,없음,없음,없음,주의성분,없음
480,피이지-40스테아레이트;폴리옥실40스테아레이트,3,중간,적음,없음,없음,주의성분,없음
481,피이지-40캐스터오일,5,중간,적음,없음,없음,주의성분,없음
482,피이지-40하이드로제네이티드캐스터오일,3,중간,적음,없음,없음,주의성분,없음
483,피이지-40하이드로제네이티드캐스터오일피씨에이이소스테아레이트,0,없음,없음,없음,없음,주의성분,없음
484,피이지-40하이드로제네이티드탈로우아민,0,없음,없음,없음,없음,주의성분,없음
485,피이지-44캐스터오일,0,없음,없음,없음,없음,주의성분,없음
486,피이지-45/도데실글라이콜코폴리머,3,중간,없음,없음,없음,주의성분,없음
487,피이지-450,0,없음,없음,없음,없음,주의성분,없음
488,피이지-45M,3,중간,적음,없음,없음,주의성분,없음
489,피이지-45스테아레이트,0,없음,없음,없음,없음,주의성분,없음
490,피이지-45팜커넬글리세라이드,3,중간,없음,없음,없음,주의성분,없음
491,피이지-4디라우레이트,5,중간,없음,없음,없음,주의성분,없음
492,피이지-4디스테아릴에텔,0,없음,없음,없음,없음,주의성분,없음
493,피이지-4디헵타노에이트,3,중간,없음,없음,없음,주의성분,없음
494,피이지-4라우레이트,5,중간,없음,없음,없음,주의성분,없음
495,피이지-4레이프씨드아마이드,3,중간,없음,없음,없음,주의성분,없음
496,피이지-4몬타네이트,0,없음,없음,없음,없음,주의성분,없음
497,피이지-4스테아라마이드,0,없음,없음,없음,없음,주의성분,없음
498,피이지-4스테아레이트,3,중간,없음,없음,없음,주의성분,없음
499,피이지-4올리베이트,3,중간,없음,없음,없음,주의성분,없음
500,피이지-4올리에이트,0,없음,없음,없음,없음,주의성분,없음
501,피이지-4폴리글리세릴-2스테아레이트,0,없음,없음,없음,없음,주의성분,없음
502,피이지-4프롤린리놀리네이트,0,없음,없음,없음,없음,주의성분,없음
503,피이지-4프롤린리놀리에이트,0,없음,없음,없음,없음,주의성분,없음
504,피이지-50라놀린,0,없음,없음,없음,없음,주의성분,없음
505,피이지-50쉐어버터,3,중간,없음,없음,없음,주의성분,없음
506,피이지-50스테아라민,0,없음,없음,없음,없음,주의성분,없음
507,피이지-50스테아레이트,3,중간,적음,없음,없음,주의성분,없음
508,피이지-50캐스터오일,0,없음,없음,없음,없음,주의성분,없음
509,피이지-50하이드로제네이티드캐스터오일,0,없음,없음,없음,없음,주의성분,없음
510,피이지-50하이드로제네이티드캐스터오일이소스테아레이트,3,없음,없음,없음,없음,주의성분,없음
511,피이지-50하이드로제네이티드캐스터오일트리이소스테아레이트,0,없음,없음,없음,없음,주의성분,없음
512,피이지-55스테아레이트,4~6,중간,없음,없음,없음,주의성분,없음
513,피이지-55프로필렌글라이콜올리에이트,3,중간,없음,없음,없음,주의성분,없음
514,피이지-58하이드로제네이티드캐스터오일이소스테아레이트,0,없음,없음,없음,없음,주의성분,없음
515,피이지-5M,3,중간,적음,없음,없음,주의성분,없음
516,피이지-5글리세릴스테아레이트,3,중간,없음,없음,없음,주의성분,없음
517,피이지-5글리세릴올리에이트,0,없음,없음,없음,없음,주의성분,없음
518,피이지-5글리세릴이소스테아레이트,0,없음,없음,없음,없음,주의성분,없음
519,피이지-5글리세릴트리이소스테아레이트,0,없음,없음,없음,없음,주의성분,없음
520,피이지-5레이프씨드스테롤,3,중간,없음,없음,없음,주의성분,없음
521,피이지-5소이스테롤,4,없음,없음,없음,없음,주의성분,없음
522,피이지-5소이아민,0,없음,없음,없음,없음,주의성분,없음
523,피이지-5스테아릴암모늄락테이트,0,없음,없음,없음,없음,주의성분,없음
524,피이지-5스테아릴암모늄클로라이드,0,없음,없음,없음,없음,주의성분,없음
525,피이지-5에칠헥사노에이트,3,중간,없음,없음,없음,주의성분,없음
526,피이지-5올레아민,0,없음,없음,없음,없음,주의성분,없음
527,피이지-5캐스터오일,0,없음,없음,없음,없음,주의성분,없음
528,피이지-5코카마이드,3,중간,없음,없음,없음,주의성분,없음
529,피이지-5코카민,0,없음,없음,없음,없음,주의성분,없음
530,피이지-5코코에이트,3,중간,없음,없음,없음,주의성분,없음
531,피이지-5펜타에리스리틸에텔,3,중간,없음,없음,없음,주의성분,없음
532,피이지-5피토스테롤,0,없음,없음,없음,없음,주의성분,없음
533,피이지-5하이드로제네이티드라놀린,0,없음,없음,없음,없음,주의성분,없음
534,피이지-5하이드로제네이티드캐스터오일,3,중간,적음,없음,없음,주의성분,없음
535,피이지-5하이드로제네이티드탈로우아민,0,없음,없음,없음,없음,주의성분,없음
536,피이지-6,3,중간,적음,없음,없음,주의성분,없음
537,피이지-60글리세릴디이소스테아레이트,0,없음,없음,없음,없음,주의성분,없음
538,피이지-60글리세릴이소스테아레이트,3,중간,없음,없음,없음,주의성분,없음
539,피이지-60라놀린,3,중간,없음,없음,없음,주의성분,없음
540,피이지-60소르비탄스테아레이트,0,없음,없음,없음,없음,주의성분,없음
541,피이지-60소르비탄테트라올리에이트,0,없음,없음,없음,없음,주의성분,없음
542,피이지-60시계꽃씨글리세라이드,0,없음,없음,없음,없음,주의성분,없음
543,피이지-60아몬드글리세라이드,3,없음,없음,없음,없음,주의성분,없음
544,피이지-60캐스터오일,5,없음,없음,없음,없음,주의성분,없음
545,피이지-60하이드로제네이티드캐스터오일,3,없음,없음,없음,없음,주의성분,없음
546,피이지-60하이드로제네이티드캐스터오일트리이소스테아레이트,0,없음,없음,없음,없음,주의성분,없음
547,피이지-60하이드로제네이티드캐스터오일피씨에이이소스테아레이트,0,없음,없음,없음,없음,주의성분,없음
548,피이지-65M,0,없음,없음,없음,없음,주의성분,없음
549,피이지-6디스테아레이트,0,없음,없음,없음,없음,주의성분,없음
550,피이지-6디이소스스테아레이트,0,없음,없음,없음,없음,주의성분,없음
551,피이지-6메칠에텔,3,중간,적당함,없음,없음,주의성분,없음
552,피이지-6비즈왁스,3,없음,없음,없음,없음,주의성분,없음
553,피이지-6소르비탄스테아레이트,0,없음,없음,없음,없음,주의성분,없음
554,피이지-6소르비탄올리에이트,0,없음,없음,없음,없음,주의성분,없음
555,피이지-6스테아레이트,3,중간,적음,없음,없음,주의성분,없음
556,피이지-6올리에이트,0,없음,없음,없음,없음,주의성분,없음
557,피이지-6이소스테아레이트,3,중간,없음,없음,없음,주의성분,없음
558,피이지-6카프릴릭/카프릭글리세라이드,3,중간,없음,없음,없음,주의성분,없음
559,피이지-6코카마이드,3,중간,없음,없음,없음,주의성분,없음
560,피이지-6하이드로제네이티드캐스터오일,0,없음,없음,없음,없음,주의성분,없음
561,피이지-70망고글리세라이드,3,중간,없음,없음,없음,주의성분,없음
562,피이지-70하이드로제네이티드라놀린,0,없음,없음,없음,없음,주의성분,없음
563,피이지-75,3,중간,적음,없음,없음,주의성분,없음
564,피이지-75라놀린,3,중간,없음,없음,없음,주의성분,없음
565,피이지-75쉐어버터글리세라이드,3,중간,없음,없음,없음,주의성분,없음
566,피이지-75스테아레이트,3,중간,적음,없음,없음,주의성분,없음
567,피이지-78글리세릴코코에이트,0,없음,없음,없음,없음,주의성분,없음
568,피이지-7M,3,중간,없음,없음,없음,주의성분,없음
569,피이지-7글리세릴코코에이트,4,중간,없음,없음,없음,주의성분,없음
570,피이지-7디메치콘,3,중간,없음,없음,없음,주의성분,없음
571,피이지-7스테아레이트,0,없음,없음,없음,없음,주의성분,없음
572,피이지-7아모디메치콘,3,중간,없음,없음,없음,주의성분,없음
573,피이지-7올리베이트,3,중간,없음,없음,없음,주의성분,없음
574,피이지-7카프릴릭/카프릭글리세라이드,4~6,중간,없음,없음,없음,주의성분,없음
575,피이지-7트리메칠올프로판코코넛에텔,1,낮음,없음,없음,없음,주의성분,없음
576,피이지-7프로필헵틸에틸,1,낮음,없음,없음,없음,주의성분,없음
577,피이지-7하이드로제네이티드캐스터오일,3,중간,적음,없음,없음,주의성분,없음
578,피이지-8,3,중간,적음,없음,없음,주의성분,없음
579,피이지-8-카프릴레이트/카프레이트,3,중간,없음,없음,없음,주의성분,없음
580,피이지-8/에스엠디아이코폴리머,3,중간,없음,없음,없음,주의성분,없음
581,피이지-800,0,없음,없음,없음,없음,주의성분,없음
582,피이지-80글리세릴코코에이트,4,중간,없음,없음,없음,주의성분,없음
583,피이지-80소르비탄라우레이트,5,중간,적당함,없음,없음,주의성분,없음
584,피이지-80하이드로제네이티드캐스터오일,3,중간,적음,없음,없음,주의성분,없음
585,피이지-8글리세릴이소스테아레이트,3,중간,없음,없음,없음,주의성분,없음
586,피이지-8도데세닐석시네이트,0,없음,없음,없음,없음,주의성분,없음
587,피이지-8디라우레이트,5,중간,없음,없음,없음,주의성분,없음
588,피이지-8디메치콘,3,중간,없음,없음,없음,주의성분,없음
589,피이지-8디스테아레이트,3,중간,없음,없음,없음,주의성분,없음
590,피이지-8디올리에이트,0,없음,없음,없음,없음,주의성분,없음
591,피이지-8디이소스테아레이트,0,없음,없음,없음,없음,주의성분,없음
592,피이지-8디코코에이트,3,중간,없음,없음,없음,주의성분,없음
593,피이지-8라우레이트,5,중간,적음,없음,없음,주의성분,없음
594,피이지-8리시놀리에이트,3,중간,없음,없음,없음,주의성분,없음
595,피이지-8메치콘,3,중간,없음,없음,없음,주의성분,없음
596,피이지-8비즈왁스,3,중간,없음,없음,없음,주의성분,없음
597,피이지-8세틸디메치콘,3,중간,적음,없음,없음,주의성분,없음
598,피이지-8스테아레이트,3,없음,없음,없음,없음,주의성분,없음
599,피이지-8올리에이트,0,없음,없음,없음,없음,주의성분,없음
600,피이지-8이소스테아레이트,3,중간,없음,없음,없음,주의성분,없음
601,피이지-8카프릴릭/카프릭글리세라이드,3,중간,없음,없음,없음,주의성분,없음
602,피이지-8트리플루오로프로필디메치콘코폴리머,0,없음,없음,없음,없음,주의성분,없음
603,피이지-8프로필렌글라이콜코코에이트,3,중간,없음,없음,없음,주의성분,없음
604,피이지-9,3,중간,없음,없음,없음,주의성분,없음
605,피이지-90,3,중간,없음,없음,없음,주의성분,없음
606,피이지-90M,3,중간,적음,없음,없음,주의성분,없음
607,피이지-90글리세릴이소스테아레이트,3,중간,없음,없음,없음,주의성분,없음
608,피이지-90디이소스테아레이트,0,없음,없음,없음,없음,주의성분,없음
609,피이지-90스테아레이트,2,중간,적음,없음,없음,주의성분,없음
610,피이지-9M,2,중간,적음,없음,없음,주의성분,없음
611,피이지-9디글리시딜에텔/소듐하이알루로네이트크로스폴리머,0,없음,없음,없음,없음,주의성분,없음
612,피이지-9디메치콘,3,중간,없음,없음,없음,주의성분,없음
613,피이지-9디메타크릴레이트,3,중간,없음,없음,없음,주의성분,없음
614,피이지-9메칠에텔디메치콘,0,없음,없음,없음,없음,주의성분,없음
615,피이지-9스테아레이트,0,없음,없음,없음,없음,주의성분,없음
616,피이지-9캐스터오일,5,중간,적음,없음,없음,주의성분,없음
617,피이지-9폴리디메칠실록시에칠디메치콘,3,중간,없음,없음,없음,주의성분,없음
618,피이지/피피지-1/2코폴리머,0,없음,없음,없음,없음,주의성분,없음
619,피이지/피피지-12/16디메치콘,0,없음,없음,없음,없음,주의성분,없음
620,피이지/피피지-10/3올레일에텔디메치콘,0,없음,없음,없음,없음,주의성분,없음
621,피이지/피피지-120/10트리메칠올프로판트리올리에이트,3,중간,없음,없음,없음,주의성분,없음
622,피이지/피피지-14/4디메치콘,3,중간,없음,없음,없음,주의성분,없음
623,피이지/피피지-14/7디메칠에텔,3,중간,없음,없음,없음,주의성분,없음
624,피이지/피피지-15/15디메치콘,3,중간,없음,없음,없음,주의성분,없음
625,피이지/피피지-15/5디메치콘,0,없음,없음,없음,없음,주의성분,없음
626,피이지/피피지-16/8디메치콘,0,없음,없음,없음,없음,주의성분,없음
627,피이지/피피지-17/18디메치콘,3,중간,없음,없음,없음,주의성분,없음
628,피이지/피피지-176코폴리머,3,중간,없음,없음,없음,주의성분,없음
629,피이지/피피지-18/12디메치콘,0,없음,없음,없음,없음,주의성분,없음
630,피이지/피피지-18/18디메치콘,3,중간,없음,없음,없음,주의성분,없음
631,피이지/피피지-18/4코폴리머,0,없음,없음,없음,없음,주의성분,없음
632,피이지/피피지-19/19디메치콘,3,중간,없음,없음,없음,주의성분,없음
633,피이지/피피지-20/15디메치콘,3,중간,없음,없음,없음,주의성분,없음
634,피이지/피피지-20/20디메치콘,3,중간,없음,없음,없음,주의성분,없음
635,피이지/피피지-20/22부틸에텔디메치콘,0,없음,없음,없음,없음,주의성분,없음
636,피이지/피피지-20/23디메치콘,3,중간,없음,없음,없음,주의성분,없음
637,피이지/피피지-20/6디메치콘,3,중간,없음,없음,없음,주의성분,없음
638,피이지/피피지-22/23디메치콘,0,없음,없음,없음,없음,주의성분,없음
639,피이지/피피지-22/24디메치콘,3,중간,없음,없음,없음,주의성분,없음
640,피이지/피피지-24/18부틸에텔디메치콘,0,없음,없음,없음,없음,주의성분,없음
641,피이지/피피지-240/60코폴리머,0,없음,없음,없음,없음,주의성분,없음
642,피이지/피피지-25/25디메치콘/아크릴레이트코폴리머,3,중간,없음,없음,없음,주의성분,없음
643,피이지/피피지-25/30코폴리머,0,없음,없음,없음,없음,주의성분,없음
644,피이지/피피지-28/21아세테이트디메치콘,0,없음,없음,없음,없음,주의성분,없음
645,피이지/피피지-30/1-디메치콘,0,없음,없음,없음,없음,주의성분,없음
646,피이지/피피지-30/33코폴리머,0,없음,없음,없음,없음,주의성분,없음
647,피이지/피피지-300/55코폴리머,4,중간,적음,없음,없음,주의성분,없음
648,피이지/피피지-4/12디메치콘,3,중간,없음,없음,없음,주의성분,없음
649,피이지/피피지-6/4디메치콘,0,없음,없음,없음,없음,주의성분,없음
650,피이지/피피지-8/3라우레이트,3,중간,없음,없음,없음,주의성분,없음
651,피이지/피피지/폴리부틸렌글라이콜-8/5/3글리세린,3,중간,없음,없음,없음,주의성분,없음
652,피피지-1-피이지-9라우릴글라이콜에텔,3,중간,없음,없음,없음,주의성분,없음
653,피피지-12-피이지-50라놀린,3,중간,없음,없음,없음,주의성분,없음
654,피피지-12-피이지-65라놀린오일,3,중간,없음,없음,없음,주의성분,없음
655,피피지-40피이지-60라놀린오일,4~6,중간,없음,없음,없음,주의성분,없음
656,피피지-65-피이지-5펜타에리스리틸에텔,0,없음,없음,없음,없음,주의성분,없음
657,하이드로제네이티드팜/팜커넬오일피이지-6에스터,3,중간,없음,없음,없음,주의성분,없음
658,호호바오일피이지-150에스터,0,없음,없음,없음,없음,주의성분,없음
659,호호바오일피이지-8에스터,0,없음,없음,없음,없음,주의성분,없음
660,호호바왁스피이지-120에스터,3,중간,없음,없음,없음,주의성분,없음
661,호호바왁스피이지-80에스터,0,없음,없음,없음,없음,주의성분,없음
662,피이지-20글리세릴트리이소스테아레이트,3,중간,없음,없음,없음,주의성분,없음
663,피이지-20에스터,3,중간,없음,없음,없음,주의성분,없음
664,비스-메톡시피이지-40/폴리엡실론카프롤락톤,0,없음,없음,없음,없음,주의성분,없음
665,라우릴피이지-10트리스(트리메틸실록시)실릴에칠디메치콘,0,없음,없음,없음,없음,주의성분,없음
666,하이드록시프로필코코에이트피이지-8디메치콘,3,중간,없음,없음,없음,주의성분,없음
667,피이지-15하이드록시스테아레이트,0,없음,없음,없음,없음,주의성분,없음
668,올리고펩타이드-56아미도피이지-75메틸에텔,0,없음,없음,없음,없음,주의성분,없음
669,피이지-2카프릴릴아민,0,없음,없음,없음,없음,주의성분,없음
670,니코티노일피이지-5토코페릴석시네이트,0,없음,없음,없음,없음,주의성분,없음
671,소듐디코코일에칠렌디아민피이지-15설페이트,3,중간,없음,없음,없음,주의성분,없음
672,메톡시피이지-17/메톡시피이지-11/에이치디아이크로스폴리머,1,낮음,없음,없음,없음,주의성분,없음
673,비스-메톡시피이지-13피이지-438/피피지-110에스엠디아이코폴리머,0,없음,없음,없음,없음,주의성분,없음
674,피이지-60,3,중간,적음,없음,없음,주의성분,없음
675,비스-피이지-15다이메티콘/아이피디아이코폴리머,0,없음,없음,없음,없음,주의성분,없음
676,비스-메톡시피이지-10다이메틸엠이에이/에이치디아이/비스-피이지10다이메티콘코폴리머,0,없음,없음,없음,없음,주의성분,없음
677,비스-스테아릴피이지/피피지-8/6에스엠디아이/피이지-400코폴리머,0,없음,없음,없음,없음,주의성분,없음
678,비스-다이아이소프로판올아민-피지-프로필다이메티콘/비스-아이소부틸피이지-14코폴리머,0,없음,없음,없음,없음,주의성분,없음
679,피이지-12알릴에터,0,없음,없음,없음,없음,주의성분,없음
680,피이지/피피지-450/50트라이메틸올프로판라우릴에터,0,없음,없음,없음,없음,주의성분,없음
681,스테아레스-100/피이지-136/에이치디아이코폴리머,0,없음,없음,없음,없음,주의성분,없음
682,피이지-13선플라워글리세라이드,3,중간,없음,없음,없음,주의성분,없음
683,포스포릴콜린글라이콜메타크릴레이트/피이지-10다이메타크릴레이트크로스폴리머,0,없음,없음,없음,없음,주의성분,없음
684,페녹시피이지-4라우레이트/팔미테이트,0,없음,없음,없음,없음,주의성분,없음
685,메톡시피이지-45티옥테이트,0,없음,없음,없음,없음,주의성분,없음
686,피이지-2코카마이드,3,중간,없음,없음,없음,주의성분,없음
687,글리세릴스테아레이트/피이지-100스테아레이트,3,중간,없음,없음,없음,주의성분,없음
688,CI 77268: 1,0,없음,없음,없음,없음,주의성분,없음
689,녹색201호,3,중간,적음,없음,없음,주의성분,없음
690,녹색202호,3,중간,적음,없음,없음,주의성분,없음
691,녹색204호,0,없음,없음,없음,없음,주의성분,없음
692,녹색3호,3,중간,적음,없음,없음,주의성분,없음
693,녹색401호,0,없음,없음,없음,없음,주의성분,없음
694,등색201호,0,없음,없음,없음,없음,주의성분,없음
695,등색204호,0,없음,없음,없음,없음,주의성분,없음
696,등색205호,2,낮음,적음,없음,없음,주의성분,없음
697,등색206호,0,없음,없음,없음,없음,주의성분,없음
698,등색207호,0,없음,없음,없음,없음,주의성분,없음
699,자색201호,4,중간,없음,없음,없음,주의성분,없음
700,자색401호,3,중간,적음,없음,없음,주의성분,없음
701,자색102호,5,중간,적음,없음,없음,주의성분,없음
702,적색103호의(1),1,낮음,없음,없음,없음,주의성분,없음
703,적색104호의(1),1,낮음,없음,없음,없음,주의성분,없음
704,적색104호의(2),0,없음,없음,없음,없음,주의성분,없음
705,적색106호,0,없음,없음,없음,없음,주의성분,없음
706,적색201호,4,중간,없음,없음,없음,주의성분,없음
707,적색202호,1~3,중간,없음,없음,없음,주의성분,없음
708,적색205호,0,없음,없음,없음,없음,주의성분,없음
709,적색206호,0,없음,없음,없음,없음,주의성분,없음
710,적색207호,0,없음,없음,없음,없음,주의성분,없음
711,적색208호,0,없음,없음,없음,없음,주의성분,없음
712,적색218호,0,없음,없음,없음,없음,주의성분,없음
713,적색219호,3,중간,적음,없음,없음,주의성분,없음
714,적색220호,5,중간,적음,없음,없음,주의성분,없음
715,적색221호,0,없음,없음,없음,없음,주의성분,없음
716,적색223호,1,낮음,없음,없음,없음,주의성분,없음
717,적색225호,5,중간,적음,없음,없음,주의성분,없음
718,적색226호,5,중간,적음,없음,없음,주의성분,없음
719,적색227호,2,낮음,적음,없음,없음,주의성분,없음
720,적색228호,5,중간,적음,없음,없음,주의성분,없음
721,적색230호의(2),0,없음,없음,없음,없음,주의성분,없음
722,적색2호,0,없음,없음,없음,없음,주의성분,없음
723,적색401호,0,없음,없음,없음,없음,주의성분,없음
724,적색405호,0,없음,없음,없음,없음,주의성분,없음
725,적색40호,3,없음,없음,없음,없음,주의성분,없음
726,적색504호,3,없음,없음,없음,없음,주의성분,없음
727,적색506호,1,낮음,적음,없음,없음,주의성분,없음
728,청색1호,2,낮음,적음,없음,없음,주의성분,없음
729,청색201호,1,낮음,적당함,없음,없음,주의성분,없음
730,청색204호,0,없음,없음,없음,없음,주의성분,없음
731,청색205호,2~4,중간,적음,없음,없음,주의성분,없음
732,청색2호,0,없음,없음,없음,없음,주의성분,없음
733,청색404호,4,중간,적음,없음,없음,주의성분,없음
734,황색201호,3,중간,적당함,없음,없음,주의성분,없음
735,황색202호의(1),0,없음,없음,없음,없음,주의성분,없음
736,황색202호의(2),3,중간,없음,없음,없음,주의성분,없음
737,황색203호,3,중간,적당함,없음,없음,주의성분,없음
738,황색204호,3,중간,적음,없음,없음,주의성분,없음
739,황색401호,5,중간,없음,없음,없음,주의성분,없음
740,황색403호의(1),4,중간,적음,없음,없음,주의성분,없음
741,황색407호,0,없음,없음,없음,없음,주의성분,없음
742,황색4호,3,중간,적음,없음,없음,주의성분,없음
743,황색5호,1,낮음,없음,없음,없음,주의성분,없음
744,흑색401호,0,없음,없음,없음,없음,주의성분,없음
745,나무이끼추출물,7,높음,적음,없음,없음,알레르기 주의성분,없음
746,니랄룰,5,중간,적당함,없음,없음,알레르기 주의성분,없음
747,리모넨,6,중간,충분함,없음,없음,알레르기 주의성분,없음
748,메칠2-옥티노에이트,5,중간,적음,없음,없음,알레르기 주의성분,없음
749,벤질벤조에이트,6,중간,적당함,없음,없음,알레르기 주의성분,없음
750,벤질살리실레이트,7,높음,적음,없음,없음,알레르기 주의성분,없음
751,벤질신나메이트,5,중간,적음,없음,없음,알레르기 주의성분,없음
752,벤질알코올,5,중간,적당함,없음,없음,알레르기 주의성분,없음
753,부틸페닐메칠프로피오날,7,높음,적당함,없음,없음,알레르기 주의성분,없음
754,시트랄,7,높음,적당함,없음,없음,알레르기 주의성분,없음
755,시트로넬올;시트로넬롤,5,중간,적당함,없음,없음,알레르기 주의성분,없음
756,신나밀알코올,7,높음,적음,없음,없음,알레르기 주의성분,없음
757,신남알,7,높음,적당함,없음,없음,알레르기 주의성분,없음
758,아니스에탄올;아니스알코올,5,중간,적음,없음,없음,알레르기 주의성분,없음
759,아밀신나밀알코올,7,높음,적음,없음,없음,알레르기 주의성분,없음
760,아밀신남알,7,높음,적음,없음,없음,알레르기 주의성분,없음
761,알파-이소메칠이오논,5,중간,적음,없음,없음,알레르기 주의성분,없음
762,유제놀,7,높음,적당함,없음,없음,알레르기 주의성분,없음
763,이소유제놀,7,높음,적당함,없음,없음,알레르기 주의성분,없음
764,제라니올,7,높음,적당함,없음,없음,알레르기 주의성분,없음
765,참나무이끼추출물,7,높음,적음,없음,없음,알레르기 주의성분,없음
766,쿠마린,7,높음,적당함,없음,없음,알레르기 주의성분,없음
767,파네솔,4,중간,적당함,없음,없음,알레르기 주의성분,없음
768,하이드록시시트로넬알,7,높음,적음,없음,없음,알레르기 주의성분,없음
769,하이드록시이소헥실3-사이클로헥센카복스알데하이드,0,없음,없음,없음,없음,알레르기 주의성분,없음
770,헥실신남알,5,중간,적음,없음,없음,알레르기 주의성분,없음
771,4-메칠벤질리덴캠퍼,4,높음,적당함,없음,없음,없음,자외선 차단
772,드로메트리졸,0,없음,없음,없음,없음,없음,자외선 차단
773,드로메트리졸트리실록산,4,중간,적음,없음,없음,없음,자외선 차단
774,디갈로일트리올리에이트,0,없음,없음,없음,없음,없음,자외선 차단
775,디소듐페닐디벤즈이미다졸테트라설포네이트,0,없음,없음,없음,없음,없음,자외선 차단
776,디에칠아미노하이드록시벤조일헥실벤조에이트,2,낮음,적음,없음,없음,없음,자외선 차단
777,디에칠헥실부타미도트리아존,2,낮음,적음,없음,없음,없음,자외선 차단
778,메칠렌비스-벤조트리아졸릴테트라메칠부틸페놀,0,없음,없음,없음,없음,없음,자외선 차단
779,멘틸안트라닐레이트,1,낮음,적당함,없음,없음,없음,자외선 차단
780,벤조페논-8,0,없음,없음,없음,없음,없음,자외선 차단
781,비스-에칠헥실옥시페놀메톡시페닐트리아진,0,없음,없음,없음,없음,없음,자외선 차단
782,시녹세이트,3,중간,적음,없음,없음,없음,자외선 차단
783,에칠헥실디메칠파바,5,중간,적당함,없음,없음,없음,자외선 차단
784,에칠헥실살리실레이트;옥티살레이트,4,중간,적당함,없음,없음,없음,자외선 차단
785,에칠헥실트리아존,1,낮음,없음,없음,없음,없음,자외선 차단
786,옥토크릴렌,3,중간,적당함,없음,없음,없음,자외선 차단
787,이소아밀p-메톡시신나메이트,1,낮음,적음,없음,없음,없음,자외선 차단
788,테레프탈릴리덴디캠퍼설포닉애씨드,0,없음,없음,없음,없음,없음,자외선 차단
789,페닐벤즈이미다졸설포닉애씨드,3,중간,적음,없음,없음,없음,자외선 차단
790,폴리실리콘-15;디메치코디에칠벤잘말로네이트,2,낮음,적음,없음,없음,없음,자외선 차단
791,호모살레이트,4,중간,적음,없음,없음,없음,자외선 차단
792,아데노신,1,낮음,적당함,없음,없음,없음,주름개선
793,폴리에톡실레이티드레틴아마이드,0,없음,없음,없음,없음,없음,주름개선
794,나이아신아마이드;니코틴산아마이드,1,낮음,적당함,없음,없음,없음,미백개선
795,닥나무추출물,0,없음,없음,없음,없음,없음,미백개선
796,마그네슘아스코빌포스페이트,1,낮음,적음,없음,없음,없음,미백개선
797,알파-비사보롤;비사볼올,1,낮음,적음,없음,없음,없음,미백개선
798,에칠아스코빌에텔,0,없음,없음,없음,없음,없음,미백개선
799,유용성감초추출물,0,없음,없음,없음,없음,없음,미백개선
800,아스코빌글루코사이드,1,낮음,적음,없음,없음,없음,미백개선
801,아스코빌테트라이소팔미테이트,1,낮음,적음,없음,없음,없음,미백개선
